name,url
rug_tufting,https://kicmlpumxgdnyiklrmzf.supabase.co/storage/v1/object/sign/events-imgs/rug_tuft.jpeg?token=eyJhbGciOiJIUzI1NiIsInR5cCI6IkpXVCJ9.eyJ1cmwiOiJldmVudHMtaW1ncy9ydWdfdHVmdC5qcGVnIiwiaWF0IjoxNzE0OTQzNDQ2LCJleHAiOjE3NDY0Nzk0NDZ9.-QTCTqYWsREgVK31QFNJS5IjcvSTlx42f2Be_oqcnbw&t=2024-05-05T21%3A10%3A46.095Z
paint-n-sip,https://kicmlpumxgdnyiklrmzf.supabase.co/storage/v1/object/sign/events-imgs/paint-n-sip.jpeg?token=eyJhbGciOiJIUzI1NiIsInR5cCI6IkpXVCJ9.eyJ1cmwiOiJldmVudHMtaW1ncy9wYWludC1uLXNpcC5qcGVnIiwiaWF0IjoxNzE0OTQzNDUzLCJleHAiOjE3NDY0Nzk0NTN9.n5PZwN65rSFdSO3nTPz9w97Cjkxj6Zi8nNu_a6PcqNg&t=2024-05-05T21%3A10%3A53.502Z
candles,https://kicmlpumxgdnyiklrmzf.supabase.co/storage/v1/object/sign/events-imgs/candles.jpeg?token=eyJhbGciOiJIUzI1NiIsInR5cCI6IkpXVCJ9.eyJ1cmwiOiJldmVudHMtaW1ncy9jYW5kbGVzLmpwZWciLCJpYXQiOjE3MTQ5NDM0MDksImV4cCI6MTc0NjQ3OTQwOX0.F5aCjBQkk0epQHukPbRv-52byirEk1PP19VbHMW8j3A&t=2024-05-05T21%3A10%3A09.047Z
perfumes,https://kicmlpumxgdnyiklrmzf.supabase.co/storage/v1/object/sign/events-imgs/perfumes.jpeg?token=eyJhbGciOiJIUzI1NiIsInR5cCI6IkpXVCJ9.eyJ1cmwiOiJldmVudHMtaW1ncy9wZXJmdW1lcy5qcGVnIiwiaWF0IjoxNzE0OTQzNDE5LCJleHAiOjE3NDY0Nzk0MTl9.jYiPhfro4xZvLaL47tf_LVb2HdfsWadHZrkYfz7oZ4w&t=2024-05-05T21%3A10%3A19.052Z
rug_tuft_station,https://kicmlpumxgdnyiklrmzf.supabase.co/storage/v1/object/sign/events-imgs/rug_tuft2.jpeg?token=eyJhbGciOiJIUzI1NiIsInR5cCI6IkpXVCJ9.eyJ1cmwiOiJldmVudHMtaW1ncy9ydWdfdHVmdDIuanBlZyIsImlhdCI6MTcxNDk0MzQzNywiZXhwIjoxNzQ2NDc5NDM3fQ.Kpb3IM9Gm7ySMNPUEq9hzUDkSQgLoRqIVE5GAn1q7ms&t=2024-05-05T21%3A10%3A37.706Z
neon_heart,https://kicmlpumxgdnyiklrmzf.supabase.co/storage/v1/object/sign/events-imgs/neon_heart.jpg?token=eyJhbGciOiJIUzI1NiIsInR5cCI6IkpXVCJ9.eyJ1cmwiOiJldmVudHMtaW1ncy9uZW9uX2hlYXJ0LmpwZyIsImlhdCI6MTcxNDk0MzQ2NSwiZXhwIjoxNzQ2NDc5NDY1fQ.1kfB9rL129gvURs-l-h6KWHNlnHYzWJGLXH5n4FjAjo&t=2024-05-05T21%3A11%3A05.936Z
img_0021,https://kicmlpumxgdnyiklrmzf.supabase.co/storage/v1/object/sign/events-imgs/IMG_0021.jpg?token=eyJhbGciOiJIUzI1NiIsInR5cCI6IkpXVCJ9.eyJ1cmwiOiJldmVudHMtaW1ncy9JTUdfMDAyMS5qcGciLCJpYXQiOjE3MTQ5NDM0NzIsImV4cCI6MTc0NjQ3OTQ3Mn0.a1Apm6chFJmdkEK6YxlcfoiI9fi42MJ72RM4WefXx2c&t=2024-05-05T21%3A11%3A12.734Z
img_0022,https://kicmlpumxgdnyiklrmzf.supabase.co/storage/v1/object/sign/events-imgs/IMG_0022.jpg?token=eyJhbGciOiJIUzI1NiIsInR5cCI6IkpXVCJ9.eyJ1cmwiOiJldmVudHMtaW1ncy9JTUdfMDAyMi5qcGciLCJpYXQiOjE3MTQ5NDM0ODAsImV4cCI6MTc0NjQ3OTQ4MH0.7md_JwvnlGzpiXyD3KDNeLbf4Nn8qQYvWMPTASEhxGc&t=2024-05-05T21%3A11%3A20.167Z
img_0023,https://kicmlpumxgdnyiklrmzf.supabase.co/storage/v1/object/sign/events-imgs/IMG_0023.jpg?token=eyJhbGciOiJIUzI1NiIsInR5cCI6IkpXVCJ9.eyJ1cmwiOiJldmVudHMtaW1ncy9JTUdfMDAyMy5qcGciLCJpYXQiOjE3MTQ5NDM0ODgsImV4cCI6MTc0NjQ3OTQ4OH0.UXxp1yxGETHBQ-x_eyhvikqjuWd-uroFPItDwKEQ5zA&t=2024-05-05T21%3A11%3A28.763Z
img_0026,https://kicmlpumxgdnyiklrmzf.supabase.co/storage/v1/object/sign/events-imgs/IMG_0026.jpg?token=eyJhbGciOiJIUzI1NiIsInR5cCI6IkpXVCJ9.eyJ1cmwiOiJldmVudHMtaW1ncy9JTUdfMDAyNi5qcGciLCJpYXQiOjE3MTQ5NDM0OTcsImV4cCI6MTc0NjQ3OTQ5N30.lqmYLe2LER1Kh34rl5HoOLfqC6OB0GF9rjueblJotPA&t=2024-05-05T21%3A11%3A37.330Z
img_0027,https://kicmlpumxgdnyiklrmzf.supabase.co/storage/v1/object/sign/events-imgs/IMG_0027.jpg?token=eyJhbGciOiJIUzI1NiIsInR5cCI6IkpXVCJ9.eyJ1cmwiOiJldmVudHMtaW1ncy9JTUdfMDAyNy5qcGciLCJpYXQiOjE3MTQ5NDM1MDYsImV4cCI6MTc0NjQ3OTUwNn0.Y64sD2SPMsf0rt13qGTrjwGNpaNZBeLDwBrTZEGwSi8&t=2024-05-05T21%3A11%3A46.177Z
